teta0,teta1,min,max
8008.439832646783,-4656.591444722055,22899.0,240000.0
